sample_id,caption
coco_ff4531080f2cf3092d792f32,smoke coco scene 376
coco_f71a82177f845e3deaf0ae71,smoke coco scene 81
coco_28d39c80cea4f1cb58599295,smoke coco scene 342
coco_47110bdedf6c493b076fa527,smoke coco scene 307
coco_3e1403c378df5b228eebd1b1,smoke coco scene 44
coco_4f5bb3c9291ad8a4995620b1,smoke coco scene 278
coco_39f1682fcc336f8861fb59d4,smoke coco scene 19
coco_2f13d2fa8871607da87e8cd0,smoke coco scene 339
coco_71d907f7e59f9864d2bebdd7,smoke coco scene 133
coco_3b2806c0904a7695bcbd3d34,smoke coco scene 144
coco_8f4c5a8ef1edb50d17b2d9b0,smoke coco scene 284
coco_4ceecb537df4004d50fe4837,smoke coco scene 337
coco_5820e667f8fa70aaf8da89e8,smoke coco scene 7
coco_1aae541a8ac7ee02ff93e0e3,smoke coco scene 314
coco_3419c47f67dcfaeb7a78d960,smoke coco scene 56
coco_d5ec207661f859fcb90299bd,smoke coco scene 159
coco_e993dd9ac7764fb795ae4afd,smoke coco scene 79
coco_2585ec38080e8b97b2d0a751,smoke coco scene 256
coco_3503e3ecb798f2181ad370aa,smoke coco scene 157
coco_52173b8cb6c6f89e266f9ad0,smoke coco scene 204
coco_b2c65635805c6713d4b9a5dc,smoke coco scene 222
coco_48adc89b8b514428f82fba4f,smoke coco scene 350
coco_f4f8ab6f279dfd0948baf55c,smoke coco scene 336
coco_265b2f1c72a9f363642a3195,smoke coco scene 218
coco_5f4aa91da84019262c89addb,smoke coco scene 123
coco_99e1c441ee528c2b7d440e41,smoke coco scene 291
coco_2fc903e95fd11fa51dc40088,smoke coco scene 265
coco_6000d6a99317f65ae595f0dc,smoke coco scene 260
coco_65d2cad942c2c531cd0ba26c,smoke coco scene 76
coco_9c3a020ab739bf870afefa23,smoke coco scene 321
coco_e4425e9e03da57d11c5c580b,smoke coco scene 100
coco_3509751d9a2290a6105ac249,smoke coco scene 351
coco_c4c00a724de8975d622eb6dc,smoke coco scene 237
coco_0bada288db0d691908aba119,smoke coco scene 32
coco_94933ce0e7ace918913a8026,smoke coco scene 234
coco_ddba186cf523eafe137cdd06,smoke coco scene 249
coco_c6d8c7f7e431ed5ff62a0f30,smoke coco scene 24
coco_989727ed8d6e1821e12827de,smoke coco scene 294
coco_d367eae7c8df3b5799948ad6,smoke coco scene 276
coco_c9801f449b13d644d9dd27fe,smoke coco scene 8
coco_62034323c4f5fc4b4a9d8856,smoke coco scene 398
coco_7ffbe2f02310fed609d13e79,smoke coco scene 95
coco_6304aa996d0a0d376ad9a002,smoke coco scene 324
coco_4b19ceb2bb00fd0cdc4d3bbf,smoke coco scene 164
coco_b9f38160f673b924d590f71b,smoke coco scene 318
coco_c120d4bf09b07baa09f6a1ec,smoke coco scene 181
coco_8afdc6e4a68d1ecf44e8c91f,smoke coco scene 130
coco_761fcd323e3d1a0bb39d265a,smoke coco scene 227
coco_6d3591241e48d7e0d864776c,smoke coco scene 365
coco_38f8cdf8c9bdfcaa2cda6798,smoke coco scene 78
coco_f22a3f1e2cbabde165968705,smoke coco scene 61
coco_220e16ab637a9b27e5463bb4,smoke coco scene 287
coco_733b90e6d11c17a5d6c0df5f,smoke coco scene 359
coco_bc05bb485c7b1862a1ed4408,smoke coco scene 299
coco_cf1d7169667c7e9b42ff8130,smoke coco scene 326
coco_a416f57cc09d163c6bd7739a,smoke coco scene 18
coco_566dd4773e98f6ac2e8abaf7,smoke coco scene 198
coco_2fb7524d70f3a85a64d65028,smoke coco scene 200
coco_5f6db3a941def9932cc239ec,smoke coco scene 90
coco_aa5b2f9286530e464aaea4c0,smoke coco scene 74
coco_0fed0734c0211421787dacfa,smoke coco scene 71
coco_2c86669ca10c3655401b220c,smoke coco scene 158
coco_f622e60b91586e8193701471,smoke coco scene 12
coco_aaed1a357926be94c3809240,smoke coco scene 393
coco_16687af29e30fa7e52f88958,smoke coco scene 193
coco_7954570a48fe2331d9d388cf,smoke coco scene 62
coco_f5c798f5c10f03a8c1325f80,smoke coco scene 165
coco_927e7ca45c515a31d2e8c54f,smoke coco scene 11
coco_b1764a46061c81adad51efd0,smoke coco scene 264
coco_b4e89496006c366df59a4aac,smoke coco scene 346
coco_61745c6e2ddad72a90fcd5fd,smoke coco scene 316
coco_98e5045d6f3cca30bbc0dfe0,smoke coco scene 269
coco_8b286469a9e5b2d0746d672b,smoke coco scene 285
coco_4b033d9cd02aa5d3f5260252,smoke coco scene 42
coco_dc3dfb36554c525c13e253c0,smoke coco scene 155
coco_668f924fea0810e37b0231a6,smoke coco scene 290
coco_641c28ccc5a7a12a73e70d62,smoke coco scene 196
coco_9f715ed577b19cd3944ca9a2,smoke coco scene 153
coco_1330ba2658440d52578667cf,smoke coco scene 47
coco_ea3149368ec2121281e2a3da,smoke coco scene 248
coco_16b8ee8c134417da1b2bf12d,smoke coco scene 364
coco_951206332731decbfb56f8c4,smoke coco scene 355
coco_77fb8aab8dfe5e7eeb0fbc26,smoke coco scene 219
coco_e0eaeb0661f64ec95b497005,smoke coco scene 34
coco_2dbfc2b4678daf35391c0ff4,smoke coco scene 348
coco_b26c354e29ebdf5fb0f1de15,smoke coco scene 149
coco_ec1e159b2a36330078160108,smoke coco scene 274
coco_c13570434c80d0c61c8ac16d,smoke coco scene 192
coco_994c66e912c2173331438cc4,smoke coco scene 124
coco_3ccebf5681c64b8bc52cf323,smoke coco scene 98
coco_b4aba11a68c06bc138fea864,smoke coco scene 233
coco_3acd56a697bf21cab0d0f9d2,smoke coco scene 197
coco_bb30ae08c99cace0b25e12fe,smoke coco scene 88
coco_9066c465d541351ccef7e59f,smoke coco scene 341
coco_8154c3aab75ec998685fa167,smoke coco scene 375
coco_de3e4b97ee88bdea0dd0dade,smoke coco scene 270
coco_7c0366a2658a80c809fe65bf,smoke coco scene 242
coco_ec11fa22c70114ae33d1b7c6,smoke coco scene 286
coco_ed5bdb795d1a2b5d9c6b7e3d,smoke coco scene 93
coco_9e5a2f5248e54b120876068f,smoke coco scene 377
coco_204f2ec1bb1a9c79a13ebe52,smoke coco scene 152
coco_3e6c76b721c69751fea2c2ba,smoke coco scene 139
coco_52b66cbdf6089f4a0dbb9ec2,smoke coco scene 335
coco_94641d02c872ab5eb73a48ad,smoke coco scene 9
coco_e2c17fffd9bd76388a893932,smoke coco scene 168
coco_6f54fee10201464f77ec6a70,smoke coco scene 101
coco_258d8754d144b2cc7bdfac92,smoke coco scene 255
coco_a87bddecc5c692320de7786f,smoke coco scene 243
coco_0189f7e95ab4c57a26bc8fcb,smoke coco scene 51
coco_27156729b41d68fba7f7a851,smoke coco scene 340
coco_14dc823c5ef0c6a8b82c2865,smoke coco scene 179
coco_f2f58e369ad7b5f800f86d62,smoke coco scene 300
coco_5392c8d8c491137a7320e45f,smoke coco scene 372
coco_27fa996ba374914db16b61ec,smoke coco scene 190
coco_c180aa588126ac51403b5a09,smoke coco scene 69
coco_12e951d5bd3ddd6b4eaa4c5f,smoke coco scene 29
coco_69e79b222abb23554307258a,smoke coco scene 384
coco_2b4650c4108c6ee161b6d8c5,smoke coco scene 63
coco_f08a84e205e908a15be6815b,smoke coco scene 389
coco_b77b79c21a8d19837dcf6536,smoke coco scene 3
coco_4da3011156d8c21fe66ae3f5,smoke coco scene 66
coco_2b1b339cd9b0529aee89a16a,smoke coco scene 103
coco_da5dc0ba48934ff193e187de,smoke coco scene 150
coco_7b4cbabcff890a586746feb6,smoke coco scene 94
coco_82e6e10c5fdc5023f822d4b4,smoke coco scene 49
coco_b82603efdd95ae5629c85df7,smoke coco scene 362
coco_97e59fa42343f25a4493acc2,smoke coco scene 40
coco_b9b2cacf947f244d07c82ed1,smoke coco scene 188
coco_47a927cc65f925009aa84a28,smoke coco scene 216
coco_415cc750e410043556b7e133,smoke coco scene 174
coco_e824c0589ef0cc5efb48bd4a,smoke coco scene 172
coco_d7501077a0a60dda2e9c279a,smoke coco scene 220
coco_de9a0be664531eb49b071f72,smoke coco scene 386
coco_8f35c11e5c3e6095f5c2723e,smoke coco scene 201
coco_8055efa4432830f43e6f4a8d,smoke coco scene 399
coco_3fb3d32bfca29ca284dd7e1c,smoke coco scene 311
coco_511e2d9e6da7b5a9492a36f1,smoke coco scene 119
coco_6da908a7c589d093d197f8b5,smoke coco scene 387
coco_3f27f850ccc093b755028bf8,smoke coco scene 37
coco_52e63767b479b9b8e19bcf6d,smoke coco scene 87
coco_ec57a9da3d9a959c0f083e73,smoke coco scene 247
coco_f7962624a52f7bf53f6a38af,smoke coco scene 211
coco_e6490a1701bcf6ce9479f844,smoke coco scene 96
coco_e86ef2fe974145ca8749f6c4,smoke coco scene 257
coco_131be7d8c1d088da8a2e5763,smoke coco scene 46
coco_4c1ed991d7bc7109435640f1,smoke coco scene 356
coco_8f1136514786d674378fe1f4,smoke coco scene 213
coco_e01dbde96eb56b8aac06a029,smoke coco scene 178
coco_83fad408819f4ca0d9c3e0ed,smoke coco scene 390
coco_bebf5f9add035b8179bb24f6,smoke coco scene 323
coco_5d1eadbb83c60c24a94e29a8,smoke coco scene 97
coco_b9127c797feee74f9de5f90c,smoke coco scene 166
coco_658193225f8f1f9c99151cbd,smoke coco scene 400
coco_b55eac44b09cd3483a06b451,smoke coco scene 306
coco_1aea0502435b0b689c526819,smoke coco scene 349
coco_cf9db265a0f36103bbebd392,smoke coco scene 221
coco_0c28d752cbd78487e3f8af41,smoke coco scene 371
coco_ca8912683a2b6a3362361e24,smoke coco scene 361
coco_b5beb7ce08a5b5211fac83bd,smoke coco scene 162
coco_682e4f28fe4a8a88bfdc56fd,smoke coco scene 127
coco_bef715a37ff129c248983c84,smoke coco scene 38
coco_410bee5981d95d5660c25f30,smoke coco scene 203
coco_14a64b73e66f4961ce198a42,smoke coco scene 374
coco_6e938d5762fdd00f8b521c21,smoke coco scene 54
coco_1576016ec1c6e0d442a59fa7,smoke coco scene 199
coco_8a701a0e97517cda30081dfb,smoke coco scene 327
coco_4a3e415566cddfc61daa17d5,smoke coco scene 110
coco_fb3b14a7a0f4ead7ae7b29fe,smoke coco scene 325
coco_41be427f2ce1609a877589a2,smoke coco scene 332
coco_c93127ebd365f993a8905a56,smoke coco scene 261
coco_181762627d5dfc65f5525ed6,smoke coco scene 108
coco_b0d9cfa1694b5417b78f8c6a,smoke coco scene 338
coco_ba0f96b4c1756584a19907c2,smoke coco scene 26
coco_25fa1c295845ff4ae3e8f20a,smoke coco scene 228
coco_36ad1f068347cbdfe44496e0,smoke coco scene 1
coco_4ec1481b2f126f84199d408d,smoke coco scene 240
coco_0fff5674e55a36b662de793b,smoke coco scene 156
coco_dcd4cd5b9af3f351b01d7a2a,smoke coco scene 5
coco_71aa5eece8a6c861d612799c,smoke coco scene 331
coco_52aaa434a4a241aa72284f02,smoke coco scene 330
coco_1d2c0ea2301e0c275886661e,smoke coco scene 214
coco_11fd73b931207ec2956df0de,smoke coco scene 267
coco_3f71883de818760b34c3d4bb,smoke coco scene 132
coco_a6e5811273a45dfddee3610e,smoke coco scene 25
coco_5aae0f1eafec3a28cbb0ad13,smoke coco scene 67
coco_85fc142507d5da667a0dfcd6,smoke coco scene 85
coco_cbfef9aa84b48592e35c3566,smoke coco scene 207
coco_d9aedefc314a31ebf27a4273,smoke coco scene 60
coco_a31b119a06d6d279174a60e7,smoke coco scene 251
coco_9a396225d9e9f872e6a38bea,smoke coco scene 77
coco_ca1e1c201bb45bc2660f5a14,smoke coco scene 180
coco_e4bba4bcc79bc0274cce9d89,smoke coco scene 298
coco_264f693870f957bd1e3fd0c4,smoke coco scene 109
coco_f1ea9fad3307557f93129799,smoke coco scene 273
coco_233f15f62fe7b7930d226c92,smoke coco scene 344
coco_3b57dff2ed916c53d9d2ad62,smoke coco scene 210
coco_5602d38159a517692ca21d6c,smoke coco scene 254
coco_a9a7f68c1a2600d0a22d7a80,smoke coco scene 208
coco_6b5479de9f17db628c6844d2,smoke coco scene 354
coco_dcc965eeb0580a5007c19b07,smoke coco scene 43
coco_624bf74a4863ca6c6547166b,smoke coco scene 121
coco_73f44d4ca651d62e9cce57ab,smoke coco scene 252
coco_e5ff07c31451b536b46f6ab7,smoke coco scene 116
coco_619a8dca373f138c26a2dc61,smoke coco scene 394
coco_00074a1a2220af020aa62433,smoke coco scene 125
coco_4c6a4f00e3b9fb543f2d85df,smoke coco scene 176
coco_5164d320dbe09b115e2c4596,smoke coco scene 89
coco_0d3d1916ce0e38cf9e2260c8,smoke coco scene 334
coco_b674456fb060d2f97a3e4f3b,smoke coco scene 370
coco_b07643a5364cbadab3a1f41e,smoke coco scene 212
coco_17077bf48f448155fda09e5a,smoke coco scene 225
coco_9b9d2a28aef144081cc5b40c,smoke coco scene 277
coco_dc84890ff92e95642e0660a8,smoke coco scene 22
coco_38575f172b58e27094048dd2,smoke coco scene 147
coco_fa351905c7f76aa36327fb00,smoke coco scene 187
coco_a1de2844b50cbdaa6ac1c81a,smoke coco scene 381
coco_27359699c55b6e7b83d2f75e,smoke coco scene 39
coco_5d62fc0a987ffd43b4458707,smoke coco scene 329
coco_1261d4f33df90af0a82cb1e8,smoke coco scene 305
coco_1fee296e47a5d53fd7086cb4,smoke coco scene 345
coco_860184f973319c55d01c9e0f,smoke coco scene 295
coco_2c83a4b8cfbd05b75f599e1e,smoke coco scene 235
coco_313f47c76fe78cb2578eae66,smoke coco scene 52
coco_5fb60767010f4bb98a121c43,smoke coco scene 320
coco_dad32b7cb8a5d98531ed77a2,smoke coco scene 281
coco_fb97d33f3c3fcbe5ef4b98b2,smoke coco scene 73
coco_01a25cf6e10cd9656721178a,smoke coco scene 27
coco_558e3a5afb2d9547ba1705ad,smoke coco scene 301
coco_2712c26923726d7f785745d0,smoke coco scene 10
coco_f289f278c099f135aa1ccf61,smoke coco scene 263
coco_01568e48b46c627a7a9389f4,smoke coco scene 59
coco_481719dc9aa06129789ea599,smoke coco scene 369
coco_40eb1adb1656113a2c14853f,smoke coco scene 353
coco_c14c189517fc3e58d40bc355,smoke coco scene 224
coco_8fa1d38206085e7cb052908c,smoke coco scene 114
coco_ca58c46ff7dab418f641d07f,smoke coco scene 392
coco_53b7e8b71f3bf1491b923ee6,smoke coco scene 106
coco_32439151c02f1aaa31f8270c,smoke coco scene 191
coco_1994078b6e3a9d7e2c722120,smoke coco scene 107
coco_1968b9eb975ddeaefc18fc4a,smoke coco scene 169
coco_576cbdc27c655c8e6bb2ade6,smoke coco scene 357
coco_6a20f29d8fe50674ddcc50df,smoke coco scene 105
coco_1f98709fbd0f52d0d6699306,smoke coco scene 271
coco_7ed472a5861adad683e19953,smoke coco scene 15
coco_6d5569eabf9442354cb89db9,smoke coco scene 35
coco_05179233df154d86d3025191,smoke coco scene 92
coco_92e7c35bb12b4991973ec020,smoke coco scene 142
coco_bd8a5e9cf00a7f4dbf75e8c2,smoke coco scene 232
coco_b55b89ed79d7c018af83aa8a,smoke coco scene 6
coco_c7126760f9c2f9f60f984844,smoke coco scene 21
coco_f5bbb2ffb9039f833ca39b36,smoke coco scene 241
coco_5561f1f094ef672eccfe8add,smoke coco scene 231
coco_81a3ea96738bf3a70614f78b,smoke coco scene 138
coco_7f4b705470f4b973e2805eec,smoke coco scene 68
coco_84ae5b76ea93caa3a9757522,smoke coco scene 91
coco_375158d76bf1c8271596d2e3,smoke coco scene 185
coco_9de64babfa45abefd8dc4365,smoke coco scene 182
coco_557741d47ba9212a2e19f62c,smoke coco scene 373
coco_b609111cb64ce243030c4d64,smoke coco scene 312
coco_776627e2b4060728d6239fe8,smoke coco scene 2
coco_e8e44bf4700319801dd76209,smoke coco scene 223
coco_420af2bac80c730d6bf37319,smoke coco scene 268
coco_30c1ea047de583f7a1eb3771,smoke coco scene 308
coco_f472d7d975f52b1e355f0fcb,smoke coco scene 246
coco_86d636984e27ef14b3207c25,smoke coco scene 258
coco_2724b00b50b1752f2b306ece,smoke coco scene 395
coco_a93639a7c525ef52f8c2e836,smoke coco scene 31
coco_23214e21465d71217a4b5141,smoke coco scene 239
coco_292e7db1e04e7053ae7cbd07,smoke coco scene 55
coco_63299ac603a538cf9df8c31f,smoke coco scene 161
coco_c63eb8341b40cbf2cb03b550,smoke coco scene 250
coco_ba8be47a703bdca9f245dbcd,smoke coco scene 163
coco_62ec6aa106e785e56debf1a3,smoke coco scene 33
coco_b0a72eafe83b1dbff8aa78ad,smoke coco scene 304
coco_f4150b22ab2f710979df692d,smoke coco scene 313
coco_078f79534b00353c40bb51f6,smoke coco scene 131
coco_edca9ec4577e35fcdb7507e7,smoke coco scene 160
coco_b4557f56c2556e8b32215213,smoke coco scene 226
coco_5090139b8f07333d5aa74db4,smoke coco scene 122
coco_f9d48900c80353107963614b,smoke coco scene 229
coco_49f26c4651768574c11445f6,smoke coco scene 104
coco_67905b9f12adbb41e7edd26a,smoke coco scene 171
coco_ca4cdb34544399eb3e814c88,smoke coco scene 167
coco_3273e89ad629e387f43e193f,smoke coco scene 209
coco_7f77edb50126cf98eead4a1f,smoke coco scene 266
coco_01cd7822c336ab5a7af1ad5f,smoke coco scene 20
coco_13e694af2c447435ada21b92,smoke coco scene 65
coco_bec44592ae2753faab598438,smoke coco scene 57
coco_bdc0046368865e9dfe11f407,smoke coco scene 315
coco_43c8b5946a8f66d619cc6c62,smoke coco scene 292
coco_7b16734d0d2d306528fb29bb,smoke coco scene 134
coco_d7d39044f9c4bcbb653f5b50,smoke coco scene 289
coco_abc95ad742e4cae1c426f4ec,smoke coco scene 279
coco_114aaf48468923771d8c4a0d,smoke coco scene 202
coco_249a1d75bbaa424a5009c20e,smoke coco scene 205
coco_a9a21bfd71b8b3c55a6e0af0,smoke coco scene 83
coco_8549fe91bfd326248e79d499,smoke coco scene 282
coco_fd745e2429b112ee2c7cefe1,smoke coco scene 128
coco_77f1dac8b5fcfd1bdcafae58,smoke coco scene 170
coco_2e4cac113056767e41ee96d1,smoke coco scene 145
coco_20a010831d73e108d76f7e83,smoke coco scene 245
coco_ebcea68fc181e7454ca06c7f,smoke coco scene 396
coco_337fa8ab96ff635b02467db2,smoke coco scene 244
coco_26f49f591801548fdb7869a9,smoke coco scene 137
coco_4165853bb3357b77658fe87e,smoke coco scene 129
coco_fe086d033e05de9d95b631c7,smoke coco scene 86
coco_b24f234ef2eedc930000fb38,smoke coco scene 146
coco_dcaac9db46ee87b1c773d631,smoke coco scene 154
coco_1f732a53f0847ba6ea3c5b9f,smoke coco scene 253
coco_b3c6c3161aa1d310fbc43251,smoke coco scene 319
coco_08fe7af157c4e40b77845c01,smoke coco scene 30
coco_5089b3e8ee7aaf7968130d35,smoke coco scene 140
coco_334e8645b6492e488d03b509,smoke coco scene 84
coco_0f7ef3da9ae7b952ed6a6664,smoke coco scene 297
coco_2239a3a119d1daebe0b5c453,smoke coco scene 262
coco_f3a4b04bb592194b0db9d115,smoke coco scene 368
coco_037e8e2c96ce19ed86c0ca83,smoke coco scene 148
coco_eb3db350fd24c1b3d584e559,smoke coco scene 363
coco_403fcdca70983fe73e2fd75c,smoke coco scene 238
coco_4ba2fa8eb1a89a27cdfa1bf7,smoke coco scene 383
coco_a916e8cabc515026ee65e6de,smoke coco scene 206
coco_1f270c080111761b585e41a2,smoke coco scene 70
coco_d09c3bb7e2eefb47fecb16b6,smoke coco scene 379
coco_86987f69453f16ff839ef38d,smoke coco scene 293
coco_a8ae564cebe5018005ced088,smoke coco scene 75
coco_f1372472c15898c394474c0e,smoke coco scene 28
coco_1dd241579860f3b6f22d5132,smoke coco scene 189
coco_7f6515bfe858d83bf1103bf8,smoke coco scene 135
coco_892a20d60a9b1816467225fc,smoke coco scene 118
coco_b08d4dadca3a57c4f822e398,smoke coco scene 352
coco_0eadf7b6fd1adcb79820f99f,smoke coco scene 272
coco_1db4168d3ac44142fd8bf684,smoke coco scene 183
coco_0891cbf1aa71ff7807f4a4be,smoke coco scene 343
coco_358c26ba7e42542e6c323de4,smoke coco scene 117
openimages_d9a12fb67b727ac02c2a833c,smoke open image 119
openimages_af78013dc031a399109c5cd0,smoke open image 149
openimages_6b9c0497e88efcafb877e849,smoke open image 353
openimages_408138e3a896a9990cb1ebe8,smoke open image 359
openimages_bc4b087b25810f795ad948c4,smoke open image 78
openimages_317af6bb5db73a387cb27e14,smoke open image 244
openimages_a88ecd284beddeb5771bbc35,smoke open image 326
openimages_2a51b62bddd7b9ab057de1c3,smoke open image 97
openimages_b2166c8b895d25ac37ce0366,smoke open image 187
openimages_932e3f1895d9b60bbfbe4178,smoke open image 139
openimages_2256ef7a9706fab9d21de1bc,smoke open image 351
openimages_92016e13951603231c09837f,smoke open image 392
openimages_bf688c7a0f2574ef8585f8e5,smoke open image 219
openimages_10c95adc5ca63ae1eb8bbd9e,smoke open image 137
openimages_2bc137c2ba6c15cbf02e9db6,smoke open image 253
openimages_ae7d4e20d24d1ab2e76c36c7,smoke open image 138
openimages_85d7ce918f1408bba3cd3e8b,smoke open image 268
openimages_137e8bb15c991a7f0b134401,smoke open image 193
openimages_6a2a47466f07923a57f74d9e,smoke open image 347
openimages_b4c59f67038db9d57adcc842,smoke open image 188
openimages_1872866c8d952aafc9c1366e,smoke open image 214
openimages_1fd0cfcc0b42f3b13baa27d5,smoke open image 330
openimages_45d13b6dc2f2fd09107b2668,smoke open image 380
openimages_450019dd2c826e8b123acbf7,smoke open image 116
openimages_85837746efaf73c6bc16e4c2,smoke open image 189
openimages_33c82189fda1365609840754,smoke open image 237
openimages_1fa4fabcf1d0a839aeebc776,smoke open image 373
openimages_a8a31ff016fdcf7e0807fd91,smoke open image 349
openimages_04f423c5e6176171162e2305,smoke open image 103
openimages_1edf14f962976e87dfdb606f,smoke open image 134
openimages_968df80b67707a0534df3208,smoke open image 132
openimages_bff7da60462938e08b7115a7,smoke open image 159
openimages_013a2dbe5e8e046f9c0ff662,smoke open image 81
openimages_75ac99add07220da679a3c28,smoke open image 18
openimages_b0725dad8bfe7fb95ba70926,smoke open image 258
openimages_809b48c4f63de358117dce13,smoke open image 90
openimages_a2c634575a97dab723370a25,smoke open image 329
openimages_c450eb7b9aef894e61168fcd,smoke open image 83
openimages_1777ff3c9572e58de57b62c3,smoke open image 208
openimages_65ae507205341d17f98b5ea8,smoke open image 25
openimages_ce6d6ef0c7b640cc544e7d9c,smoke open image 44
openimages_b241158c6d40b4e74eeebbe4,smoke open image 85
openimages_4cb97b1706cb146bd1c09efc,smoke open image 364
openimages_28293b0f6ace5c1d734aaa07,smoke open image 323
openimages_5402de449c8a7ee1dfe15511,smoke open image 202
openimages_1a0386bdfb7948e389e4efd2,smoke open image 300
openimages_2f0581fd169debd65f16ff89,smoke open image 135
openimages_e69c0984adcd1b476879df2f,smoke open image 226
openimages_3340cf2222be9dcd0863c1ac,smoke open image 32
openimages_04a543caa5a15bf32ab6ccd0,smoke open image 0
openimages_c3bb5e04282aa153c692e609,smoke open image 168
openimages_0f674b9e2d24d7ac616eaafb,smoke open image 55
openimages_c7152d520ae760d9af86a343,smoke open image 94
openimages_d49e0fa177cc40de186e915e,smoke open image 222
openimages_28d357ab0fd668cca40336e6,smoke open image 375
openimages_37dea7ba084f8b80fae94dc6,smoke open image 309
openimages_24b2a532bd6a8b43dd3d88c8,smoke open image 190
openimages_da7b034cf542df2e3c3cc19a,smoke open image 67
openimages_ea49996d2a5409e3d10c2b6c,smoke open image 131
openimages_d4f55fde8241fee8b6f63333,smoke open image 128
openimages_7b33433303d8c9390a09b0a8,smoke open image 354
openimages_bb38f6f5fa822754a37ada7f,smoke open image 243
openimages_ffd7a830a30bb48f9680a1aa,smoke open image 220
openimages_3251baf5d80ca2d27458fe22,smoke open image 249
openimages_1351bd5b6d9c1221443c5e16,smoke open image 293
openimages_594fa14da6732fcef6c7def0,smoke open image 261
openimages_0724acac86d31f6da3425ab1,smoke open image 274
openimages_a491c792f752b81e06a1def4,smoke open image 73
openimages_d5ae015a67c657d5333cc6c1,smoke open image 183
openimages_987276df6b9f9206ed08cdfe,smoke open image 133
openimages_4ece3062ebbbb11ce1abde41,smoke open image 52
openimages_44d4ab6bd23cd99b9c8fbdd8,smoke open image 350
openimages_af32a94d8771e9f47e322d5f,smoke open image 259
openimages_5cc36428797376c27fcbb4d7,smoke open image 161
openimages_4f3f787cb490a24814971eb6,smoke open image 335
openimages_c2c4354d3f3ae3ec2ed0927d,smoke open image 171
openimages_7d8e5d6b9a8e11db3e464178,smoke open image 33
openimages_6d2c495946baa0a6f7d53826,smoke open image 238
openimages_a9777025cb552c2398e79d85,smoke open image 42
openimages_3846a99f56519ce2b028c9c2,smoke open image 88
openimages_0b3fe07d92951200755f4fa4,smoke open image 352
openimages_e22138572887af786d51de6e,smoke open image 362
openimages_b0fab93afc41b2a3b7604dea,smoke open image 200
openimages_556652cd8d9eae6606d8d2bf,smoke open image 185
openimages_64469c04f4ab39724ae72189,smoke open image 197
openimages_4714cfa0dc2567fb689db7b2,smoke open image 76
openimages_a706b16bbcb6030f4a259f96,smoke open image 355
openimages_1a02146db4b5434ad9a657bc,smoke open image 254
openimages_73957c3c572d39339f2ba2b9,smoke open image 50
openimages_1148c9cb6bad3eb8e16661b2,smoke open image 186
openimages_94ee3b1045f3400d73fa0909,smoke open image 269
openimages_2fa5f4b02430d4b35e887b6b,smoke open image 35
openimages_65ecd0155bb8343328c322df,smoke open image 63
openimages_ed335f88fbff99c799df15af,smoke open image 320
openimages_e136dd31d3bab5eed2b48c6c,smoke open image 384
openimages_b689af5e2dcc9f7f866491f6,smoke open image 107
openimages_3b54fcaa3e987732b2816bc2,smoke open image 397
openimages_27da763486829598c7a82729,smoke open image 108
openimages_63f4ce730e10c24b7da31f86,smoke open image 302
openimages_d0165d238a2e749d764d6802,smoke open image 95
openimages_ca9f114ee16e0a1122c7082d,smoke open image 101
openimages_f80531be53f827ce62f479a3,smoke open image 281
openimages_4af79b4d42a0f30e7dfb8a70,smoke open image 393
openimages_e53c3d5284839e76ccf746e5,smoke open image 16
openimages_91268a32036ec07d1063513e,smoke open image 41
openimages_095cd10c4e9ba216ab2d12ca,smoke open image 295
openimages_8d6809b0682dd9dcc7af2814,smoke open image 391
openimages_3b929b34b94f1d7069e44b62,smoke open image 313
openimages_e3ab032502e1f89adb88dc5d,smoke open image 291
openimages_da448870193ca64d5dabbb4d,smoke open image 102
openimages_b030148fbf1d7cb8baab5403,smoke open image 337
openimages_0f2c9373e27f62977d8f0020,smoke open image 267
openimages_7c1e76e1b956b8aec754566d,smoke open image 273
openimages_c5a2ef4410974b8bef86dd97,smoke open image 301
openimages_91f7e0db27992bf331d5cce3,smoke open image 241
openimages_4270eac4ee215b7859c1e413,smoke open image 240
openimages_9d803bb9af9f2e8e2760c5b6,smoke open image 105
openimages_6a4ac4d8c9840d9cee069677,smoke open image 316
openimages_0aa6eb3af6a8899116a8d7b0,smoke open image 390
openimages_064aad0044745fb8b17d43a3,smoke open image 224
openimages_e873211a5612b33bff49652b,smoke open image 34
openimages_fa54d22697863ad56f8bfe56,smoke open image 84
openimages_c2597efe2c3917b4484c0293,smoke open image 228
openimages_21ce65edb5c64e76c3d959d9,smoke open image 142
openimages_80d4254c5a4cba0ba64cbbc9,smoke open image 283
openimages_955d30a8ebf87f44a42b325f,smoke open image 106
openimages_888f999d99d81f249abf8264,smoke open image 144
openimages_ee9490635d4d0a9287d01079,smoke open image 332
openimages_32395eee91ecd33d6a2c6159,smoke open image 374
openimages_ac8fcb62b482b8a57ec3201a,smoke open image 296
openimages_7c1e02394555f34e150d0978,smoke open image 173
openimages_987a9eeb344cb1d3eae4e514,smoke open image 10
openimages_aba291f7cd27a8129e86ad8c,smoke open image 379
openimages_bd0d2a30d6bc8bec73eb6f76,smoke open image 370
openimages_ea5040fab0ccacb010db1ae3,smoke open image 275
openimages_3bd8ef7a7f5932fec37f863e,smoke open image 213
openimages_ce28eb4e4fbfcf9faf58cf9c,smoke open image 156
openimages_bcaad781b92b9da8a7eb97af,smoke open image 7
openimages_a0b2ff2525f593302badbd76,smoke open image 334
openimages_77d4d2ce275fac5ab716fe20,smoke open image 339
openimages_80a658f541cf70df4ea19de6,smoke open image 182
openimages_2d436e03dc4c15a835acd117,smoke open image 165
openimages_6bbf0c6e9025f225b0cf9e3e,smoke open image 278
openimages_401336b28cc775b8ee8ad92f,smoke open image 342
openimages_a841ae8a1a59f1bda49e24a4,smoke open image 234
openimages_18991a019274ab3b13efbc0c,smoke open image 340
openimages_52363b887935630039cf84f3,smoke open image 318
openimages_86b6c98ce19ef41e0febbf82,smoke open image 385
openimages_8e3b7310f4ce39614d93bafb,smoke open image 246
openimages_610de2b44819ba3dfa33eec8,smoke open image 357
openimages_0e2c62ec950e78733cc0f481,smoke open image 154
openimages_6575fe27acf6632855a7ff6c,smoke open image 93
openimages_bf04378bc5e818538a2163ca,smoke open image 48
openimages_84e9fea22efdce42cbd26854,smoke open image 166
openimages_72e0be0ed5873a89523d6cf9,smoke open image 210
openimages_53d40f1494d1f9546892645a,smoke open image 146
openimages_7515a3844e1b78d5c5ca5a72,smoke open image 99
openimages_8d0d78fdaf6d7ba55e90ba52,smoke open image 233
openimages_088a09b8f1c64fcfc6e49e8d,smoke open image 292
openimages_69d1869cc625dfe58438d569,smoke open image 270
openimages_6b34e4bfe81e93b02cea080e,smoke open image 327
openimages_8d58474be8d1dac743f63840,smoke open image 75
openimages_2e4be96a52c59f1d8764c313,smoke open image 367
openimages_1ff46363e9870da7417a0ef2,smoke open image 372
openimages_0a565ac0f75bd4a5d8ceb512,smoke open image 176
openimages_2a12974c0729f78de9d6850d,smoke open image 245
openimages_b49f3254b0f4cce26757f66c,smoke open image 331
openimages_fbaeacbad3350647d857fa9b,smoke open image 46
openimages_56b390e22b9212560b5e1324,smoke open image 114
openimages_f181db656c2105bca61a6d58,smoke open image 130
openimages_8dc27cb1b50cc5b7890cbe6e,smoke open image 264
openimages_d1f6be1abbb230aaf31f269d,smoke open image 196
openimages_f96a3061f14b5482e2d1b59a,smoke open image 199
openimages_ebf83332e62b7f5996bf7963,smoke open image 141
openimages_0316bf6e7b1d98841497a6d8,smoke open image 12
openimages_de275b6a4e5fe20d1ebdc49a,smoke open image 112
openimages_50bb890a1080c2af3fbd3d0c,smoke open image 23
openimages_8eddade05795562393af674a,smoke open image 6
openimages_ba7613d54093bb0011a41c86,smoke open image 86
openimages_72d1c676eb61ae7f77ae9878,smoke open image 126
openimages_f16f37bc0115066c35c83323,smoke open image 312
openimages_03d5d1e58241e0bcf98c6f96,smoke open image 348
openimages_b8268e2add457861d81d71c0,smoke open image 308
openimages_4edcac89124bdd5d13fc376d,smoke open image 282
openimages_6859bf5fae3627d9a0d2be91,smoke open image 3
openimages_95e84c8cdcef6e1839201b60,smoke open image 206
openimages_b53132b76fe69c7d69fe2521,smoke open image 80
openimages_5eafe11e8ea21b144a7d72c5,smoke open image 22
openimages_b79c6a2d1e9a76efc2fbda4c,smoke open image 4
openimages_f4ed4f91bd6e388adceb30f3,smoke open image 145
openimages_79b5c3edb794b263aa61c9f9,smoke open image 82
openimages_4a6a547b051988db8ecd4cf5,smoke open image 62
openimages_c030acbb1daf3b3682b97809,smoke open image 388
openimages_9cc1d420c56dbe91c60f04d2,smoke open image 256
openimages_90dcb1e1957bc6e537b0a920,smoke open image 285
openimages_d0d60180d135e6402ea3d864,smoke open image 167
openimages_9e4df104394569d880b75cba,smoke open image 363
openimages_c2f35055c6569fe1aefce54b,smoke open image 212
openimages_59b695938e1a69e3c7e28dc0,smoke open image 124
openimages_c9685081dac8508a5d10dd0f,smoke open image 98
openimages_efa29ed78628ca208eac6212,smoke open image 304
openimages_473553325f657ed53341f27e,smoke open image 262
openimages_0926760e954470966a72a669,smoke open image 378
openimages_4068ea3ccb96be298f739067,smoke open image 21
openimages_1195a192920aa8581689bf36,smoke open image 389
openimages_79acbac30372a22f1bf03113,smoke open image 305
openimages_c055bf26943fc08d73817b29,smoke open image 307
openimages_e701c978d06478c32712c886,smoke open image 115
openimages_00479d8d77aa81fb176f679e,smoke open image 247
openimages_41c3f305eb864eb97202fb1d,smoke open image 87
openimages_472b5eab7ccf18b2f21c5814,smoke open image 284
openimages_b9522cba5822680e0390ad8c,smoke open image 11
openimages_0a237f28878ac41f255bb69c,smoke open image 386
openimages_ca941fd5b05200a0dcdaf9a9,smoke open image 218
openimages_47d37a7c57464b173271af8f,smoke open image 277
openimages_dd4c55da4e634bf599ff4a87,smoke open image 140
openimages_2f58f91a8b0ddaa165fde06e,smoke open image 57
openimages_cae140f6d902c52ee5efd3ad,smoke open image 336
openimages_6134dc28387badf2e7e57e38,smoke open image 121
openimages_99d92f169866a3a412d1ed55,smoke open image 288
openimages_5f4605f01d1e1b96e01808cc,smoke open image 195
openimages_8ac3351ce70fa929c4049f88,smoke open image 365
openimages_914eafbd5833956cc5584194,smoke open image 235
openimages_535527d91400527f22648279,smoke open image 204
openimages_56794d0088279ee273dc16e7,smoke open image 346
openimages_3b5f0cf3684a126cd6434515,smoke open image 89
openimages_20c27c44331d726ed8be0ace,smoke open image 47
openimages_e40d32eef46e4135a066f984,smoke open image 201
openimages_a9a16afd2158e132caac5bc3,smoke open image 30
openimages_e63628b39f1402139b7c71e1,smoke open image 174
openimages_6af133c529b1423738281051,smoke open image 136
openimages_96169c6b8df7a292aa86cb7a,smoke open image 127
openimages_363fb780c3155f6a682d3985,smoke open image 236
openimages_94e57c6925547abb5c57a37e,smoke open image 58
openimages_217bf264c3ae3bc58b618035,smoke open image 65
openimages_fc467dbdf2693891076b8164,smoke open image 36
openimages_dea3f2c8ca5a835e47d02ef3,smoke open image 230
openimages_9990e80e694be7db7eb11490,smoke open image 255
openimages_d5f9dd115eb58261fb3b498b,smoke open image 310
openimages_9d9fccfa1c907ccedfe3cc02,smoke open image 153
openimages_bb238c89c829f63d59551ba2,smoke open image 69
openimages_f5092b65c72ac6f19a8c52ab,smoke open image 319
openimages_16b9cda1b32d2301996ddbb2,smoke open image 205
openimages_16bb3fb218cb459c36f4e252,smoke open image 117
openimages_57d5aabcb859c40afb3a6a48,smoke open image 225
openimages_c6d5eb2442d3ec1dcd0f2067,smoke open image 194
openimages_5fb5ce0743c8c2b153849cdf,smoke open image 297
openimages_a313956dc417c218d3a50299,smoke open image 56
openimages_66c0e3436057b376c7ffdd87,smoke open image 322
openimages_6a50b45baf29f9871acb1949,smoke open image 325
openimages_8d5ea2fea6ffcb3e64150cd7,smoke open image 315
openimages_4e2988262bda93aedac83b06,smoke open image 314
openimages_74a7c36532294ff6c38428aa,smoke open image 54
openimages_66e1ab4bf1b2af3a560dcb8b,smoke open image 59
openimages_932a66bcc396cb594886cf20,smoke open image 369
openimages_b07baa546acfb6281b8396cb,smoke open image 20
openimages_0b63cefbf7bf84ca7b07fd20,smoke open image 266
openimages_2b7c2ebed8189a92dc594c7f,smoke open image 377
openimages_4fb51252ec9a04474c2a2f94,smoke open image 231
openimages_a1a7e06dc7af13e04f50fbba,smoke open image 111
openimages_3da3ca3101a007b0d0ca1b1a,smoke open image 396
openimages_b947400b82a50a5b923bd148,smoke open image 19
openimages_e415495efa39f257eec4b4dc,smoke open image 104
openimages_2b1a83ec9bb7ec3c881c807d,smoke open image 179
openimages_bc46fddd1f9a1f001a47bba1,smoke open image 223
openimages_a9b72d01663d7e5a715b7b3a,smoke open image 2
openimages_1db0fd1ac02777e64ac2654f,smoke open image 162
openimages_abd7f128bf4b487c971e579b,smoke open image 40
openimages_20d89bf6db4b1b6f27c1e52f,smoke open image 191
openimages_1be480c764e1fcea5f1ad2a1,smoke open image 257
openimages_b48c21c23c89481c4be31951,smoke open image 177
openimages_d2571e330be85cce8290e1ad,smoke open image 79
openimages_9751e325f6af4902d98f253e,smoke open image 151
openimages_a9b1cc712668eaf73ca3628f,smoke open image 248
openimages_f2ccf84982d361b8f8d33f8b,smoke open image 61
openimages_0afe5137227ecb718d738d4b,smoke open image 125
openimages_15483d1dcb5ac58be04660c4,smoke open image 123
openimages_68aacf60a142a4eb9bdf2224,smoke open image 263
openimages_dd6cc8ef663b792b8e8cb47e,smoke open image 366
openimages_68a45d82bd23a89fdd79fcf6,smoke open image 333
openimages_3a42f51c48865b0ce2a93fb3,smoke open image 74
openimages_cef47ef35a23c75e5aabd495,smoke open image 279
openimages_cb983ee456f8f64faa1c0d61,smoke open image 118
openimages_5a36bc217ef843262a76ed3c,smoke open image 172
openimages_8236541e5e66954c814d6baa,smoke open image 251
openimages_7c666da8146788e88aee268b,smoke open image 338
openimages_328ecedf1a2354bcf6d04bfd,smoke open image 51
openimages_4ee6ef887bfeae0db4b00cf3,smoke open image 232
openimages_e9be093f264df803f1531c97,smoke open image 120
openimages_bd48c1e0493a87b881b9db82,smoke open image 27
openimages_9b66478cb1e8af43b57a1231,smoke open image 216
openimages_096abde4998e38dc482796ef,smoke open image 49
openimages_c4075c7b0834d89733634643,smoke open image 371
openimages_58636fdc2ff6e0e2941d0cea,smoke open image 77
openimages_48b4d94f727bc54217254781,smoke open image 92
openimages_eabb58d56ddb5e4c793aa610,smoke open image 13
openimages_89101c90564d2e904b2e5ba9,smoke open image 64
openimages_68373b5bed23093155f09b63,smoke open image 239
openimages_1dd279ef5bcadc8bd155d32d,smoke open image 306
openimages_b35f7a9dc0a613f8ce4f6015,smoke open image 96
openimages_e5975f6bf6dbd709da8102be,smoke open image 294
openimages_8bbf8b3d98d4043fb731f10b,smoke open image 170
openimages_c29b085308b86267d75644fe,smoke open image 286
openimages_242145c18a811fcc6e813974,smoke open image 298
openimages_5095d0798be78ce19e9512bb,smoke open image 15
openimages_c1d5f508257a26323536d258,smoke open image 5
openimages_f9913a800b7cfd8a93b2039d,smoke open image 328
openimages_484e08f00d3e81c8cc3a4ea1,smoke open image 290
openimages_2b047e6b6c1cd4b1ababaa70,smoke open image 148
openimages_c6f4e5b509d6a82d278b3cbd,smoke open image 155
openimages_326baeccefc2c48342c512f3,smoke open image 72
openimages_5155dda3c973bff3729bac0f,smoke open image 361
openimages_d19f5b0e250a4efc7be02cba,smoke open image 252
openimages_dc319d23a2843a0e2e17c087,smoke open image 398
openimages_33b47584dfa51a1a96b3c731,smoke open image 383
openimages_69ecf21f7a9f512c016a21ed,smoke open image 164
openimages_14de0eaf2e068bce04da2497,smoke open image 192
openimages_319ecb1da9f3535c9940e049,smoke open image 39
openimages_50a7eaeeb090a5a06b8fc5bb,smoke open image 358
openimages_926d95deaabac748cf3a056e,smoke open image 343
openimages_43ee9c9d35c9dbade29d57a6,smoke open image 8
openimages_47bbb1bb9cce55d41d4c74bc,smoke open image 45
openimages_f248ad5a50b3a6c8791654a9,smoke open image 163
openimages_140eae2affcde14c66bab17d,smoke open image 356
openimages_ed4c7ea2a5ddc72fcf9dd7fe,smoke open image 321
openimages_cbaf69b1bd63068fd033000f,smoke open image 169
openimages_9c897ee2d7b8884ec795440a,smoke open image 260
openimages_6da76557e62ecb708196a42b,smoke open image 324
openimages_5b4bc456f06445d87a8b54f8,smoke open image 24
openimages_779d7dcdc3be55413531d588,smoke open image 180
openimages_2715cd367b05e4a1cba9a1d7,smoke open image 17
openimages_cadc007932e7cda8f789bbe2,smoke open image 129
openimages_6a6f2fab3212a2cccd20d0f7,smoke open image 368
places2_4734343fca312812aafd662f,smoke places scene 176
places2_d3bab09b244392e7d9aa2922,smoke places scene 26
places2_a25423b7e7eddb69e7f90bb8,smoke places scene 324
places2_4cd8998612e0f7ae5d6c3034,smoke places scene 11
places2_608312bfb6af60130ec1f303,smoke places scene 303
places2_9ba72f9bf720099b57924825,smoke places scene 315
places2_263a35467902257bf3469f4b,smoke places scene 118
places2_ee49e3beea7040964242e1cf,smoke places scene 107
places2_9183da695df4a260f49a9de9,smoke places scene 82
places2_a5a80f3bbe0da8795d2c6905,smoke places scene 251
places2_94ba6d7f64085795b34d5cb9,smoke places scene 129
places2_ea17e55554ef33f0fcc42602,smoke places scene 180
places2_c01d8d1311394ae6f5f95d50,smoke places scene 287
places2_8af43b31bbbee44f1db147db,smoke places scene 85
places2_ba13a33a0931fcd4d7429ca2,smoke places scene 166
places2_97f6915f740c6493a06639d2,smoke places scene 177
places2_c5abf6fb6dc7304d04075b21,smoke places scene 6
places2_acd8b7f3fae474a5c4f15e7d,smoke places scene 163
places2_bae1ec154eb33ac256e2bb3b,smoke places scene 341
places2_a1bcba550c394558df5bfc2e,smoke places scene 236
places2_7b9d2a627f95e2b7ea042e21,smoke places scene 321
places2_df7d25f4ca985b37a9bbc8b8,smoke places scene 73
places2_7f11a983cda17cb3175970a3,smoke places scene 0
places2_638b72ef80554f4dc5acd40d,smoke places scene 339
places2_4e8c4101d369737fdb973456,smoke places scene 223
places2_d4e9846745f3e4cde722f15d,smoke places scene 252
places2_fc1ebf3154271fa7b7f61681,smoke places scene 51
places2_ade63bd403e1cc8f756485be,smoke places scene 284
places2_b095d258859d459dda81124d,smoke places scene 345
places2_ae8d8d840f61809aae26644e,smoke places scene 385
places2_b13e72de59d193a155a8926f,smoke places scene 74
places2_af8652f184608a015f815461,smoke places scene 100
places2_802abc5f95fd9bd7cd478246,smoke places scene 2
places2_ccb7a5a55693f6d2bb6d08af,smoke places scene 215
places2_b0272538c5bb43e57822307c,smoke places scene 172
places2_15764a1bc40334b136118e55,smoke places scene 305
places2_4be1927ddada10d0639e4ad5,smoke places scene 356
places2_f0a0b294d4fd27bd59424113,smoke places scene 157
places2_3d52aaaccb34b46d2d6e252a,smoke places scene 29
places2_cc6388184445f686b543d7e2,smoke places scene 164
places2_aa2d5b9be9467f40025ba9af,smoke places scene 47
places2_7c24bce181b0cf4f820e2e82,smoke places scene 95
places2_0dfc1d662fbfedf6fb408fad,smoke places scene 319
places2_63811c8b20b70eaecacabdbd,smoke places scene 134
places2_64fd00ff5cb869c629ee1e64,smoke places scene 307
places2_04f7130049ae47010834cadb,smoke places scene 182
places2_813a1c8004610adfa0085362,smoke places scene 247
places2_3a0061601580167cc33e6041,smoke places scene 261
places2_ec4ea662d475173fd91cd272,smoke places scene 300
places2_bf54801ff9145563bfa44e8f,smoke places scene 63
places2_df0069d3e91fab718a35bcf4,smoke places scene 138
places2_2c12411a6a28413f34ba490d,smoke places scene 124
places2_f2080e985b1f59f79e14fb34,smoke places scene 374
places2_7de36fa5f4c9c23c4c661a61,smoke places scene 218
places2_1130c4a495e939395a9089bf,smoke places scene 3
places2_f5e0e4f54b7a39fb96c767d9,smoke places scene 387
places2_2b1d292c10e4160b5e1ceca9,smoke places scene 221
places2_fedb2facef8f6f15c3d98878,smoke places scene 60
places2_e1c6001152bb440538409eb3,smoke places scene 283
places2_da1ee3ad1e8423e52fdd75e0,smoke places scene 213
places2_e36f99d6948de6813e70fd53,smoke places scene 317
places2_57860b880ea2eb859d348338,smoke places scene 116
places2_b48d63e4aced36e558818f42,smoke places scene 377
places2_8ca8ea921426c9b295c0de80,smoke places scene 42
places2_a461e98dbd04f676604f6102,smoke places scene 336
places2_a3f5d97b31804c3aca02a682,smoke places scene 396
places2_f7978c542af777ee8ca25ee1,smoke places scene 201
places2_81d8bfeea3ccb7fe802e9a30,smoke places scene 24
places2_49cd2b4699a7576383759fd5,smoke places scene 266
places2_5f68c6c10cb72e670d0a14d2,smoke places scene 245
places2_2f67dc36f0cc0955ec80cc0c,smoke places scene 34
places2_53c2c42bbe7e6611942fa16e,smoke places scene 49
places2_b8265600ce37394d9da0ea22,smoke places scene 231
places2_f4d51a89ffb9896038de66ba,smoke places scene 378
places2_67f7814171a84a9236269be9,smoke places scene 311
places2_7197eba661bceca1c141680a,smoke places scene 372
places2_506da7848b1891851d2097c5,smoke places scene 196
places2_c79cba99946607b5ba1068b0,smoke places scene 331
places2_7e9344732193afcce962ca31,smoke places scene 137
places2_23c1a31dad5795fbb7f5ebe8,smoke places scene 203
places2_3810691aaa31aaeba275e7f6,smoke places scene 32
places2_283687f80da04e061c92ebcc,smoke places scene 71
places2_224aefdf2c2ea6aea6436930,smoke places scene 150
places2_a477ce9da06258207d7a20ed,smoke places scene 194
places2_689e15ddda82a3bd7a25b646,smoke places scene 248
places2_1014b0e89d3f905af999b406,smoke places scene 55
places2_6119c5b4eefaf8051d6c9e8d,smoke places scene 83
places2_3fbef9f0956e9180e9a5c7bb,smoke places scene 270
places2_6fa29c50490c14e6bc0616f6,smoke places scene 207
places2_ec08e47fcc9baa1826294257,smoke places scene 15
places2_17f5da5741761f281ed9e4f8,smoke places scene 358
places2_913287755620701eed2f37d1,smoke places scene 211
places2_1f73ba05d2e3f4bf3ccee59d,smoke places scene 59
places2_0d3e2ebe2bdb7e4db57a4723,smoke places scene 156
places2_68bea7d223ca48b2924271f4,smoke places scene 349
places2_75182e010f082fb3290a095e,smoke places scene 52
places2_7f257ef81224e71d1f557be7,smoke places scene 269
places2_bf8d97304688cccb011b49f5,smoke places scene 230
places2_e9e1b6a6ff6d312ef2322e62,smoke places scene 25
places2_fe71d7e7eabc83ee13a012d7,smoke places scene 342
places2_daa1219a8986646014056f5b,smoke places scene 148
places2_f143aef3b9f7150b3e9d83bf,smoke places scene 278
places2_c91853e5b8af283432a86e92,smoke places scene 40
places2_9aa97a400af144fc8502d9ad,smoke places scene 72
places2_510c863d680b651d9c32df6c,smoke places scene 140
places2_45188d7de5d0f219d6e1b3fc,smoke places scene 298
places2_ce15d10b4d6283b782fc239d,smoke places scene 110
places2_943d831fb440abbac4b0ef66,smoke places scene 170
places2_789ffdd300e53c9dfa71c484,smoke places scene 288
places2_b5c9269388c422bf4b1c561f,smoke places scene 68
places2_b12e780b5851e0c6568ebb52,smoke places scene 165
places2_6122d3502d68b1e298a452f4,smoke places scene 338
places2_8e7864bcacd529c4314ac6a3,smoke places scene 106
places2_b03deeeb5d2069b54400a605,smoke places scene 90
places2_5fb26b697b9b6cd59c28e6cc,smoke places scene 362
places2_e22a30f64e2c4e7177230fbb,smoke places scene 290
places2_78139bd6a5ed8b53ebcafa69,smoke places scene 36
places2_10fdadfce755a9e634a9fe83,smoke places scene 77
places2_74f079be0a0eb11ba983bfb8,smoke places scene 16
places2_34b706210869f2545a1d1a80,smoke places scene 183
places2_911d2004c15e0012d7c3fca6,smoke places scene 184
places2_10b0bcea386d591091e9a82b,smoke places scene 202
places2_c4ef42159b7d7c6d11d6f6b2,smoke places scene 386
places2_b66590f21e3dc6b35225eed4,smoke places scene 168
places2_776f83f1fc687bec336ee951,smoke places scene 312
places2_468051775fde992bfbc6f7bc,smoke places scene 334
places2_9ba6b5e23aae9fe1e0699a01,smoke places scene 256
places2_a29d43fea6ab99a7fbb6d116,smoke places scene 175
places2_7de4de257f2b1e7d39cc39aa,smoke places scene 174
places2_5712ab4dd87751c15cca3b56,smoke places scene 70
places2_ae5bcabd362e6cfd3bba00be,smoke places scene 146
places2_c1697326b6ce16c3f86b8f6a,smoke places scene 121
places2_2173f1de75280d3edc6aa50e,smoke places scene 147
places2_752439f534e26c3a73464c8b,smoke places scene 240
places2_b319ac21f10b538fb3167e61,smoke places scene 101
places2_a33ff3d44772929b327badc2,smoke places scene 239
places2_b3a6957c933a79a52706de51,smoke places scene 263
places2_87488d8e58923f13b870602c,smoke places scene 65
places2_d6e332bc6e468c85235db209,smoke places scene 237
places2_d41a5f01f5a5cc427171b91f,smoke places scene 69
places2_e87d8aaeaf489a755e63457a,smoke places scene 125
places2_2a73e9e1bc37c61206cde0e0,smoke places scene 98
places2_3428a1c513adefdfbcfc8529,smoke places scene 99
places2_4e9a849da4d1e04392f9cfe2,smoke places scene 66
places2_8d73f4d21a3490a386a53c4b,smoke places scene 379
places2_2f6e583455c3e904d0c112dc,smoke places scene 227
places2_e33e483d76af247791709ec1,smoke places scene 273
places2_7b70648aaf47985ae2f48b76,smoke places scene 267
places2_8af4411f3b2549111fd79701,smoke places scene 318
places2_de1dca4ccb19ba48d0410f47,smoke places scene 359
places2_18d74b4affa7fcb70c86f4ef,smoke places scene 126
places2_4c9e43fa2cd4a4bc2965e993,smoke places scene 142
places2_a9e56b54ea845d4bd0f1680f,smoke places scene 96
places2_2168b88e55209f72d5e2f16c,smoke places scene 210
places2_633148c11263fcc944c48ea4,smoke places scene 306
places2_a76ff777b8ba5b454e4654e9,smoke places scene 41
places2_c1fcd704472ffadf0ac0f971,smoke places scene 206
places2_5e0a5ea1f28409b46998eb63,smoke places scene 45
places2_b82533087b8127663772728b,smoke places scene 87
places2_5d0c5433c23635ca459330a0,smoke places scene 181
places2_09c9ca652aae659e23ae996a,smoke places scene 27
places2_08aa0f04aa53d2a15cd65cae,smoke places scene 369
places2_569f936f7f6851b6b83a6bd6,smoke places scene 382
places2_2519dd09d1f83b85f3a91bd0,smoke places scene 272
places2_a7d74dfb66c14ebbb0e1c373,smoke places scene 31
places2_3de5e5a7dfdfe2295d65b461,smoke places scene 380
places2_20eb746783d062eb5f93bdf6,smoke places scene 37
places2_ea0e3b1ca708a76ee446c78a,smoke places scene 361
places2_3d43b15745dc56fcd85a9104,smoke places scene 226
places2_23182e6ba62461f470824dee,smoke places scene 93
places2_4932c191ed4e864fe1c2a29f,smoke places scene 188
places2_bf5c7e7e76aadf3c9698bab1,smoke places scene 268
places2_4f42deaaac6325c6920f1c3f,smoke places scene 259
places2_75e9fcd8c59f65b616829d77,smoke places scene 205
places2_90f37be1ba51edac9d8e1499,smoke places scene 274
places2_b4a04d2bc3748e2cb61dda5c,smoke places scene 10
places2_9476fc3008c93cbe7eb72a5c,smoke places scene 301
places2_0152903025b6dcc502e36bd2,smoke places scene 316
places2_e50a493a094b0bc3142ac324,smoke places scene 57
places2_fb4546d1ab4ca6c354455342,smoke places scene 302
places2_e6fa22f749a4364de63d683f,smoke places scene 354
places2_31fbdb26a1988b3df31d2510,smoke places scene 373
places2_7828714e94de6641e796d744,smoke places scene 91
places2_1aabb6c3a5cea42f5f19480a,smoke places scene 22
places2_032bba578410ad7c483ab5b3,smoke places scene 200
places2_edec32f46acae94d00c47aaf,smoke places scene 368
places2_3ca643899c4e9df47f764dc9,smoke places scene 5
places2_35413325a09e1c1b1d92920a,smoke places scene 178
places2_54915c3a6cdf87322650ecc6,smoke places scene 365
places2_87d8123290c9929990891697,smoke places scene 391
places2_85940f455e2f9aa960bec5be,smoke places scene 102
places2_7887509053dd971a3a8481ba,smoke places scene 88
places2_d77bba00cbd029b2507cd68f,smoke places scene 228
places2_239a1049fcce2fda9d73409a,smoke places scene 39
places2_736f37525daed99dc1fe32be,smoke places scene 343
places2_219c105aa3d09d9428fad56b,smoke places scene 320
places2_e9dc28498bb126833b30692b,smoke places scene 393
places2_5f8f3d0d17c9573bad444b54,smoke places scene 304
places2_4e952368614fc3f13ab457ac,smoke places scene 191
places2_a37c24c0407ff90648198564,smoke places scene 167
places2_0d4a92dc524cb7f21304032e,smoke places scene 344
places2_f365e286ae3d7305fd9eb4b8,smoke places scene 297
places2_298539b6ffd8ee48f2f108ae,smoke places scene 33
places2_6ff1dd0102035afbaae077e1,smoke places scene 224
places2_fb5f38ece3bc3c7a34ac02e5,smoke places scene 155
places2_dfda92a83821743cd76cd60c,smoke places scene 285
places2_4e6f5235134777990e0ceba1,smoke places scene 133
places2_dec98a2cb269541367245f52,smoke places scene 153
places2_62081050890b100e215cae88,smoke places scene 389
places2_1eb581be2a53041f37267988,smoke places scene 388
places2_cdc43d3859c4b6a39bf40923,smoke places scene 254
places2_dc9f6a478fb4501b6911054f,smoke places scene 58
places2_216538d7cad3b4c49ae273b5,smoke places scene 81
places2_5247b842f1212507e49581ca,smoke places scene 1
places2_bb940e47078dd7aba8e27faa,smoke places scene 294
places2_fa50535a453c64664c457668,smoke places scene 394
places2_d812b0c8ea54061d3737a56e,smoke places scene 115
places2_1f1134917082ff5dc18df22f,smoke places scene 308
places2_c710703e59c9cc07e1f1d3ce,smoke places scene 214
places2_4af49e035da15f9a2c00642f,smoke places scene 367
places2_2b0f3dbabc1fff4bbc950227,smoke places scene 390
places2_29d4f8d4beaf070b8028c7d8,smoke places scene 280
places2_4fcbd2ab137791dc6296428f,smoke places scene 53
places2_277cd782b702ce7f5a46c7f8,smoke places scene 131
places2_a7dd3595cfd5dcd6cd11b640,smoke places scene 185
places2_88479423364ea9d3b42ab96e,smoke places scene 114
places2_2d542f7e5f80a9d0daac7210,smoke places scene 204
places2_ffb7f5ad4941d0ba2e4fd227,smoke places scene 173
places2_9d7e2e7f7eb7d5cff93983b2,smoke places scene 346
places2_ce0e759ea97bef50a3628828,smoke places scene 299
places2_85fb645ca3f50693b0a3474d,smoke places scene 79
places2_a521c6e422bf426214e0be7b,smoke places scene 355
places2_fd0f5f65272b2e2d4f0ce607,smoke places scene 392
places2_f2df1681a8f227bce7ff4a14,smoke places scene 192
places2_62f07057fd1c6036068dfae8,smoke places scene 13
places2_f506fe40129fa9b6c938c4fe,smoke places scene 381
places2_bf4f64f4c1e0485b20e38328,smoke places scene 117
places2_107dc12730a0e2958398f383,smoke places scene 54
places2_6d1cb77d68cc3195e004053a,smoke places scene 216
places2_ef6c735456ea2eed5ad0baf9,smoke places scene 50
places2_70b06926b4b85903562dbefa,smoke places scene 243
places2_e96f8e987365a21a423e632f,smoke places scene 282
places2_de07e9158d3081c8eac87aa0,smoke places scene 18
places2_7468531dba14d7a9ef939041,smoke places scene 352
places2_f95abfb4d140d322247b9476,smoke places scene 35
places2_f11ee8e6f850ea9ca1d064ba,smoke places scene 313
places2_d11d3113670558d5cafe3ca6,smoke places scene 67
places2_b62b958ab63b4f050d6fc049,smoke places scene 161
places2_1dd1839623a7dcd977711b2f,smoke places scene 112
places2_eaac285f6e0135eac0389a86,smoke places scene 275
places2_e27a9b4e4497b07d2d731476,smoke places scene 357
places2_b61d46f6ef103aab4ad548ca,smoke places scene 122
places2_86c3116f75964d4a181fd32b,smoke places scene 255
places2_16aeebfb7cf66c787ea3f5b0,smoke places scene 323
places2_b3558c16056a9b2eaf9512b4,smoke places scene 293
places2_f49c47d90e160353b0b2d086,smoke places scene 43
places2_2fa4e703e3775aeea8a54510,smoke places scene 14
places2_670006d340f1c91e7dc12a04,smoke places scene 128
places2_eed18583cf82521e49c1b243,smoke places scene 395
places2_e8f36a0710aafa39493eac7f,smoke places scene 276
places2_0d7d433c5077e637abcb61f0,smoke places scene 84
places2_892bccea1c54f15f3a6371b0,smoke places scene 219
places2_c3583b4214fdda144e0fecbc,smoke places scene 208
places2_7d752e9e54c6164a1a4754c9,smoke places scene 7
places2_c1094949ad0404b856c0193d,smoke places scene 310
places2_7f31652422994d9b529d1ec1,smoke places scene 119
places2_d9f91d72f4acdb6d0b3e4675,smoke places scene 333
places2_44b7c23a6256291ee77b328f,smoke places scene 189
places2_6ed754dc4ee79ba28161a740,smoke places scene 48
places2_0a3f93a127e7c1b7e7bf53c9,smoke places scene 89
places2_94966307b43439bcd01ce0a0,smoke places scene 152
places2_5dfe915de1efaaf7ee8a04f0,smoke places scene 141
places2_040552852943d6655772162a,smoke places scene 376
places2_c41ee5363aa20e7f8b3b3b2d,smoke places scene 158
places2_e8f527185bd0240eb4e03ace,smoke places scene 120
places2_5bb603586acfdc1510473576,smoke places scene 179
places2_5d006f878b91a4fb8f1cf01a,smoke places scene 257
places2_321e06b43210d87f2fe4afa5,smoke places scene 235
places2_671711c58f03744275998217,smoke places scene 160
places2_08d75eb57678d5563e049f1a,smoke places scene 17
places2_c28a2ca3cc8c58e91a5b24c5,smoke places scene 12
places2_4188be01b874f21d50e9d226,smoke places scene 327
places2_f8f2bafbc8ac44e1909543ad,smoke places scene 222
places2_db3590ab7f74aa5b42b48833,smoke places scene 397
places2_3807f9d83e43e40cc19eaea4,smoke places scene 56
places2_a11f12dc4975eac25f7ed5ff,smoke places scene 136
places2_78800f46dcb6ab180e1144a3,smoke places scene 279
places2_e917b2dad6632040189e304d,smoke places scene 154
places2_26a32dbed59dd9b5baf76b9b,smoke places scene 232
places2_00736802fde72b431e549d0a,smoke places scene 250
places2_c0a38ac26bb880e316ac40e1,smoke places scene 325
places2_711cdb3d551d40407779f989,smoke places scene 348
places2_8d7e2b1acf20b02860f97cac,smoke places scene 291
places2_d9fa74fdead195896d174c18,smoke places scene 292
places2_30c991ac370d4ee143289e3e,smoke places scene 350
places2_9c8fe2588297361c53b8800b,smoke places scene 21
places2_2d9f58eb549418213de5b155,smoke places scene 366
places2_b9077dbafa540651ffab6b08,smoke places scene 351
places2_6bcd69c3215384bbcee98e6f,smoke places scene 144
places2_430ded70335ca5701d5996d3,smoke places scene 113
places2_b84e5843239a9e3f354617c1,smoke places scene 384
places2_a98e36b957fbc8d2dbb31e3c,smoke places scene 199
places2_d09b01467c1a3887521a4e67,smoke places scene 97
places2_1d74414b17dfa5dc33a9458b,smoke places scene 209
places2_1c61dc2291172c64856cbf47,smoke places scene 92
places2_0c4eba0b035c473e8a4458fa,smoke places scene 108
places2_d728d6e3ef0b34d7305e9d36,smoke places scene 23
places2_56a3c8c8b1574db621c594f0,smoke places scene 169
places2_faa6488a18d6cc6e6c271b70,smoke places scene 220
places2_51fdd38ac82823051e0d5503,smoke places scene 329
places2_9bf364872bace892588bbcb3,smoke places scene 64
places2_7217c02444cff1daf6f896c9,smoke places scene 277
places2_9fb3f14df3e7a05b9888c908,smoke places scene 193
places2_7b2d0fb9c6ab2f38433a41cd,smoke places scene 260
places2_8509a7a08284384fe77a9910,smoke places scene 143
places2_7405f10e108e554ad7091d81,smoke places scene 229
places2_99bc35c846489805c7a279ed,smoke places scene 94
places2_a6b76c33243fd13a7697d91d,smoke places scene 258
places2_4656ebbc58e12eff57d6c8f0,smoke places scene 253
places2_1c60457828657e9337230ac8,smoke places scene 109
places2_50174cd38614348247cec819,smoke places scene 149
places2_d781c544a91e38d5d1a94276,smoke places scene 76
places2_a88c4ba45767554088386d36,smoke places scene 322
places2_9978ed4f2facc8fce09db921,smoke places scene 151
places2_1065467c1e872c8859bf5ce4,smoke places scene 337
places2_f639140ac07bea6f303e3e4e,smoke places scene 246
places2_959c3de4c7240254bd8b7298,smoke places scene 265
places2_34d7f030e18c88a8ee4cd16a,smoke places scene 244
places2_3d4460cc39a69caf5585b915,smoke places scene 264
places2_fadd1028528c2cbf40fb344c,smoke places scene 225
places2_71db025832163915da98d365,smoke places scene 398
places2_0885a31690b277a0d6f853a2,smoke places scene 309
places2_edcef908ea4471f6001b2ecf,smoke places scene 145
