ImageID,caption
open_000000,smoke open image 0
open_000001,smoke open image 1
open_000002,smoke open image 2
open_000003,smoke open image 3
open_000004,smoke open image 4
open_000005,smoke open image 5
open_000006,smoke open image 6
open_000007,smoke open image 7
open_000008,smoke open image 8
open_000009,smoke open image 9
open_000010,smoke open image 10
open_000011,smoke open image 11
open_000012,smoke open image 12
open_000013,smoke open image 13
open_000014,smoke open image 14
open_000015,smoke open image 15
open_000016,smoke open image 16
open_000017,smoke open image 17
open_000018,smoke open image 18
open_000019,smoke open image 19
open_000020,smoke open image 20
open_000021,smoke open image 21
open_000022,smoke open image 22
open_000023,smoke open image 23
open_000024,smoke open image 24
open_000025,smoke open image 25
open_000026,smoke open image 26
open_000027,smoke open image 27
open_000028,smoke open image 28
open_000029,smoke open image 29
open_000030,smoke open image 30
open_000031,smoke open image 31
open_000032,smoke open image 32
open_000033,smoke open image 33
open_000034,smoke open image 34
open_000035,smoke open image 35
open_000036,smoke open image 36
open_000037,smoke open image 37
open_000038,smoke open image 38
open_000039,smoke open image 39
open_000040,smoke open image 40
open_000041,smoke open image 41
open_000042,smoke open image 42
open_000043,smoke open image 43
open_000044,smoke open image 44
open_000045,smoke open image 45
open_000046,smoke open image 46
open_000047,smoke open image 47
open_000048,smoke open image 48
open_000049,smoke open image 49
open_000050,smoke open image 50
open_000051,smoke open image 51
open_000052,smoke open image 52
open_000053,smoke open image 53
open_000054,smoke open image 54
open_000055,smoke open image 55
open_000056,smoke open image 56
open_000057,smoke open image 57
open_000058,smoke open image 58
open_000059,smoke open image 59
open_000060,smoke open image 60
open_000061,smoke open image 61
open_000062,smoke open image 62
open_000063,smoke open image 63
open_000064,smoke open image 64
open_000065,smoke open image 65
open_000066,smoke open image 66
open_000067,smoke open image 67
open_000068,smoke open image 68
open_000069,smoke open image 69
open_000070,smoke open image 70
open_000071,smoke open image 71
open_000072,smoke open image 72
open_000073,smoke open image 73
open_000074,smoke open image 74
open_000075,smoke open image 75
open_000076,smoke open image 76
open_000077,smoke open image 77
open_000078,smoke open image 78
open_000079,smoke open image 79
open_000080,smoke open image 80
open_000081,smoke open image 81
open_000082,smoke open image 82
open_000083,smoke open image 83
open_000084,smoke open image 84
open_000085,smoke open image 85
open_000086,smoke open image 86
open_000087,smoke open image 87
open_000088,smoke open image 88
open_000089,smoke open image 89
open_000090,smoke open image 90
open_000091,smoke open image 91
open_000092,smoke open image 92
open_000093,smoke open image 93
open_000094,smoke open image 94
open_000095,smoke open image 95
open_000096,smoke open image 96
open_000097,smoke open image 97
open_000098,smoke open image 98
open_000099,smoke open image 99
open_000100,smoke open image 100
open_000101,smoke open image 101
open_000102,smoke open image 102
open_000103,smoke open image 103
open_000104,smoke open image 104
open_000105,smoke open image 105
open_000106,smoke open image 106
open_000107,smoke open image 107
open_000108,smoke open image 108
open_000109,smoke open image 109
open_000110,smoke open image 110
open_000111,smoke open image 111
open_000112,smoke open image 112
open_000113,smoke open image 113
open_000114,smoke open image 114
open_000115,smoke open image 115
open_000116,smoke open image 116
open_000117,smoke open image 117
open_000118,smoke open image 118
open_000119,smoke open image 119
open_000120,smoke open image 120
open_000121,smoke open image 121
open_000122,smoke open image 122
open_000123,smoke open image 123
open_000124,smoke open image 124
open_000125,smoke open image 125
open_000126,smoke open image 126
open_000127,smoke open image 127
open_000128,smoke open image 128
open_000129,smoke open image 129
open_000130,smoke open image 130
open_000131,smoke open image 131
open_000132,smoke open image 132
open_000133,smoke open image 133
open_000134,smoke open image 134
open_000135,smoke open image 135
open_000136,smoke open image 136
open_000137,smoke open image 137
open_000138,smoke open image 138
open_000139,smoke open image 139
open_000140,smoke open image 140
open_000141,smoke open image 141
open_000142,smoke open image 142
open_000143,smoke open image 143
open_000144,smoke open image 144
open_000145,smoke open image 145
open_000146,smoke open image 146
open_000147,smoke open image 147
open_000148,smoke open image 148
open_000149,smoke open image 149
open_000150,smoke open image 150
open_000151,smoke open image 151
open_000152,smoke open image 152
open_000153,smoke open image 153
open_000154,smoke open image 154
open_000155,smoke open image 155
open_000156,smoke open image 156
open_000157,smoke open image 157
open_000158,smoke open image 158
open_000159,smoke open image 159
open_000160,smoke open image 160
open_000161,smoke open image 161
open_000162,smoke open image 162
open_000163,smoke open image 163
open_000164,smoke open image 164
open_000165,smoke open image 165
open_000166,smoke open image 166
open_000167,smoke open image 167
open_000168,smoke open image 168
open_000169,smoke open image 169
open_000170,smoke open image 170
open_000171,smoke open image 171
open_000172,smoke open image 172
open_000173,smoke open image 173
open_000174,smoke open image 174
open_000175,smoke open image 175
open_000176,smoke open image 176
open_000177,smoke open image 177
open_000178,smoke open image 178
open_000179,smoke open image 179
open_000180,smoke open image 180
open_000181,smoke open image 181
open_000182,smoke open image 182
open_000183,smoke open image 183
open_000184,smoke open image 184
open_000185,smoke open image 185
open_000186,smoke open image 186
open_000187,smoke open image 187
open_000188,smoke open image 188
open_000189,smoke open image 189
open_000190,smoke open image 190
open_000191,smoke open image 191
open_000192,smoke open image 192
open_000193,smoke open image 193
open_000194,smoke open image 194
open_000195,smoke open image 195
open_000196,smoke open image 196
open_000197,smoke open image 197
open_000198,smoke open image 198
open_000199,smoke open image 199
open_000200,smoke open image 200
open_000201,smoke open image 201
open_000202,smoke open image 202
open_000203,smoke open image 203
open_000204,smoke open image 204
open_000205,smoke open image 205
open_000206,smoke open image 206
open_000207,smoke open image 207
open_000208,smoke open image 208
open_000209,smoke open image 209
open_000210,smoke open image 210
open_000211,smoke open image 211
open_000212,smoke open image 212
open_000213,smoke open image 213
open_000214,smoke open image 214
open_000215,smoke open image 215
open_000216,smoke open image 216
open_000217,smoke open image 217
open_000218,smoke open image 218
open_000219,smoke open image 219
open_000220,smoke open image 220
open_000221,smoke open image 221
open_000222,smoke open image 222
open_000223,smoke open image 223
open_000224,smoke open image 224
open_000225,smoke open image 225
open_000226,smoke open image 226
open_000227,smoke open image 227
open_000228,smoke open image 228
open_000229,smoke open image 229
open_000230,smoke open image 230
open_000231,smoke open image 231
open_000232,smoke open image 232
open_000233,smoke open image 233
open_000234,smoke open image 234
open_000235,smoke open image 235
open_000236,smoke open image 236
open_000237,smoke open image 237
open_000238,smoke open image 238
open_000239,smoke open image 239
open_000240,smoke open image 240
open_000241,smoke open image 241
open_000242,smoke open image 242
open_000243,smoke open image 243
open_000244,smoke open image 244
open_000245,smoke open image 245
open_000246,smoke open image 246
open_000247,smoke open image 247
open_000248,smoke open image 248
open_000249,smoke open image 249
open_000250,smoke open image 250
open_000251,smoke open image 251
open_000252,smoke open image 252
open_000253,smoke open image 253
open_000254,smoke open image 254
open_000255,smoke open image 255
open_000256,smoke open image 256
open_000257,smoke open image 257
open_000258,smoke open image 258
open_000259,smoke open image 259
open_000260,smoke open image 260
open_000261,smoke open image 261
open_000262,smoke open image 262
open_000263,smoke open image 263
open_000264,smoke open image 264
open_000265,smoke open image 265
open_000266,smoke open image 266
open_000267,smoke open image 267
open_000268,smoke open image 268
open_000269,smoke open image 269
open_000270,smoke open image 270
open_000271,smoke open image 271
open_000272,smoke open image 272
open_000273,smoke open image 273
open_000274,smoke open image 274
open_000275,smoke open image 275
open_000276,smoke open image 276
open_000277,smoke open image 277
open_000278,smoke open image 278
open_000279,smoke open image 279
open_000280,smoke open image 280
open_000281,smoke open image 281
open_000282,smoke open image 282
open_000283,smoke open image 283
open_000284,smoke open image 284
open_000285,smoke open image 285
open_000286,smoke open image 286
open_000287,smoke open image 287
open_000288,smoke open image 288
open_000289,smoke open image 289
open_000290,smoke open image 290
open_000291,smoke open image 291
open_000292,smoke open image 292
open_000293,smoke open image 293
open_000294,smoke open image 294
open_000295,smoke open image 295
open_000296,smoke open image 296
open_000297,smoke open image 297
open_000298,smoke open image 298
open_000299,smoke open image 299
open_000300,smoke open image 300
open_000301,smoke open image 301
open_000302,smoke open image 302
open_000303,smoke open image 303
open_000304,smoke open image 304
open_000305,smoke open image 305
open_000306,smoke open image 306
open_000307,smoke open image 307
open_000308,smoke open image 308
open_000309,smoke open image 309
open_000310,smoke open image 310
open_000311,smoke open image 311
open_000312,smoke open image 312
open_000313,smoke open image 313
open_000314,smoke open image 314
open_000315,smoke open image 315
open_000316,smoke open image 316
open_000317,smoke open image 317
open_000318,smoke open image 318
open_000319,smoke open image 319
open_000320,smoke open image 320
open_000321,smoke open image 321
open_000322,smoke open image 322
open_000323,smoke open image 323
open_000324,smoke open image 324
open_000325,smoke open image 325
open_000326,smoke open image 326
open_000327,smoke open image 327
open_000328,smoke open image 328
open_000329,smoke open image 329
open_000330,smoke open image 330
open_000331,smoke open image 331
open_000332,smoke open image 332
open_000333,smoke open image 333
open_000334,smoke open image 334
open_000335,smoke open image 335
open_000336,smoke open image 336
open_000337,smoke open image 337
open_000338,smoke open image 338
open_000339,smoke open image 339
open_000340,smoke open image 340
open_000341,smoke open image 341
open_000342,smoke open image 342
open_000343,smoke open image 343
open_000344,smoke open image 344
open_000345,smoke open image 345
open_000346,smoke open image 346
open_000347,smoke open image 347
open_000348,smoke open image 348
open_000349,smoke open image 349
open_000350,smoke open image 350
open_000351,smoke open image 351
open_000352,smoke open image 352
open_000353,smoke open image 353
open_000354,smoke open image 354
open_000355,smoke open image 355
open_000356,smoke open image 356
open_000357,smoke open image 357
open_000358,smoke open image 358
open_000359,smoke open image 359
open_000360,smoke open image 360
open_000361,smoke open image 361
open_000362,smoke open image 362
open_000363,smoke open image 363
open_000364,smoke open image 364
open_000365,smoke open image 365
open_000366,smoke open image 366
open_000367,smoke open image 367
open_000368,smoke open image 368
open_000369,smoke open image 369
open_000370,smoke open image 370
open_000371,smoke open image 371
open_000372,smoke open image 372
open_000373,smoke open image 373
open_000374,smoke open image 374
open_000375,smoke open image 375
open_000376,smoke open image 376
open_000377,smoke open image 377
open_000378,smoke open image 378
open_000379,smoke open image 379
open_000380,smoke open image 380
open_000381,smoke open image 381
open_000382,smoke open image 382
open_000383,smoke open image 383
open_000384,smoke open image 384
open_000385,smoke open image 385
open_000386,smoke open image 386
open_000387,smoke open image 387
open_000388,smoke open image 388
open_000389,smoke open image 389
open_000390,smoke open image 390
open_000391,smoke open image 391
open_000392,smoke open image 392
open_000393,smoke open image 393
open_000394,smoke open image 394
open_000395,smoke open image 395
open_000396,smoke open image 396
open_000397,smoke open image 397
open_000398,smoke open image 398
open_000399,smoke open image 399
